{"cameraMode":{"drawMode":0,"name":"Shaded","section":"Shading Mode"},"sceneLighting":false,"audioPlay":false,"sceneViewState":{"showFog":true,"showMaterialUpdate":false,"showSkybox":true,"showFlares":true,"showImageEffects":true,"showParticleSystems":true},"in2DMode":false,"pivot":{"x":1.4860329627990723,"y":1.9644334316253663,"z":7.747903823852539},"rotation":{"x":-0.04188530147075653,"y":0.13951680064201356,"z":-0.005897216498851776,"w":-0.9893379807472229},"size":12.711978912353516,"orthographic":false}