{"cameraMode":{"drawMode":0,"name":"Shaded","section":"Shading Mode"},"sceneLighting":false,"audioPlay":false,"sceneViewState":{"showFog":true,"showMaterialUpdate":false,"showSkybox":true,"showFlares":true,"showImageEffects":true,"showParticleSystems":true},"in2DMode":false,"pivot":{"x":-0.27163681387901308,"y":-1.0043611526489258,"z":3.206271171569824},"rotation":{"x":-0.35818007588386538,"y":0.001958440523594618,"z":-0.0007476129685528576,"w":-0.9336742162704468},"size":9.421545028686524,"orthographic":false}