{"cameraMode":{"drawMode":0,"name":"Shaded","section":"Shading Mode"},"sceneLighting":false,"audioPlay":false,"sceneViewState":{"showFog":true,"showMaterialUpdate":false,"showSkybox":true,"showFlares":true,"showImageEffects":true,"showParticleSystems":true},"in2DMode":false,"pivot":{"x":0.10452477633953095,"y":0.5231975317001343,"z":2.0764083862304689},"rotation":{"x":-0.1651453822851181,"y":0.5840950608253479,"z":-0.1228533685207367,"w":-0.7851613759994507},"size":5.577419281005859,"orthographic":false}